"Epic","Feature","Story","FAILED","BROKEN","PASSED","SKIPPED","UNKNOWN"
"文章管理","文章自动保存","自动保存功能","0","0","3","0","0"
"","","","0","0","72","0","0"
"评论管理","全局评论","评论过滤","0","0","3","0","0"
"用户管理","","","0","0","19","0","0"
"标签管理","标签API","标签创建","0","0","5","0","0"
"插件管理","插件操作","权限控制","0","0","5","0","0"
"分类管理","","","0","0","21","0","0"
"插件管理","插件操作","插件配置","0","0","4","0","0"
"标签管理","标签API","标签更新","0","0","4","0","0"
"插件管理","插件操作","插件列表","0","0","1","0","0"
"评论管理","文章评论","权限控制","0","0","3","0","0"
"文章管理","回收站","恢复文章","0","0","2","0","0"
"文章管理","文章列表","文章排序","0","0","1","0","0"
"标签管理","标签API","标签详情","0","0","1","0","0"
"评论管理","全局评论","URL路由","0","0","2","0","0"
"文章管理","文章自动保存","权限控制","0","0","2","0","0"
"插件管理","插件操作","插件安装","0","0","2","0","0"
"文章管理","文章操作","点赞文章","0","0","3","0","0"
"评论管理","全局评论","评论排序","0","0","2","0","0"
"核心功能","时区感知序列化","基础序列化","0","0","1","0","0"
"标签管理","标签API","标签搜索","0","0","1","0","0"
"文章管理","搜索建议","参数验证","0","0","1","0","0"
"文章管理","文章模型","文章排序","0","0","2","0","0"
"评论管理","全局评论","评论列表","0","0","3","0","0"
"文章管理","文章列表","普通用户访问","0","0","1","0","0"
"文章管理","文章CRUD","获取文章","0","0","2","0","0"
"文章管理","文章CRUD","创建文章","0","0","2","0","0"
"文章管理","文章列表","匿名访问","0","0","1","0","0"
"标签管理","标签API","标签删除","0","0","3","0","0"
"核心功能","API响应","响应定制","0","0","1","0","0"
"标签管理","标签API","标签批量创建","0","0","4","0","0"
"文章管理","文章CRUD","删除文章","0","0","3","0","0"
"核心功能","时区感知序列化","日期时间序列化","0","0","3","0","0"
"文章管理","文章API","创建文章","0","0","1","0","0"
"插件管理","插件操作","插件启用","0","0","2","0","0"
"文章管理","文章操作","浏览文章","0","0","3","0","0"
"文章管理","分类模型","分类创建","0","0","1","0","0"
"备份管理","","","0","0","5","0","0"
"文章管理","回收站","清空回收站","0","0","1","0","0"
"文章管理","文章模型","文章基础功能","0","0","2","0","0"
"核心功能","时区感知序列化","默认时区处理","0","0","1","0","0"
"标签管理","标签API","标签列表","0","0","4","0","0"
"文章管理","文章API","文章列表","0","0","1","0","0"
"评论管理","文章评论","回复评论","0","0","4","0","0"
"文章管理","文章模型","文章创建","0","0","2","0","0"
"文章管理","回收站","回收站列表","0","0","3","0","0"
"核心功能","时区感知序列化","时区转换","0","0","1","0","0"
"文章管理","文章模型","文章恢复","0","0","1","0","0"
"核心功能","API响应","成功响应","0","0","2","0","0"
"文章管理","文章CRUD","更新文章","0","0","3","0","0"
"核心功能","权限管理","超级用户权限","0","0","1","0","0"
"核心功能","权限管理","管理员权限","0","0","1","0","0"
"文章管理","文章模型","文章发布","0","0","1","0","0"
"核心功能","API响应","请求ID格式","0","0","2","0","0"
"用户认证","认证序列化器","密码修改","0","0","5","0","0"
"评论管理","评论模型","评论排序","0","0","1","0","0"
"评论管理","文章评论","创建评论","0","0","3","0","0"
"核心功能","API响应","响应结构","0","0","1","0","0"
"用户认证","认证序列化器","登录响应","0","0","4","0","0"
"核心功能","API响应","错误响应","0","0","3","0","0"
"文章管理","文章列表","分类筛选","0","0","1","0","0"
"文章管理","标签模型","标签基础功能","0","0","1","0","0"
"文章管理","文章操作","归档文章","0","0","4","0","0"
"文章管理","自动保存清理","定时清理","0","0","1","0","0"
"文章管理","搜索建议","分类和标签建议","0","0","1","0","0"
"系统概览","","","0","0","4","0","0"
"插件管理","插件操作","插件禁用","0","0","2","0","0"
"文章管理","搜索建议","文章建议","0","0","1","0","0"
"文章管理","文章搜索","日期搜索","0","0","1","0","0"
"核心功能","权限管理","安全方法访问","0","0","2","0","0"
"评论管理","文章评论","删除评论","0","0","1","0","0"
"文章管理","文章搜索","搜索高亮","0","0","1","0","0"
"文章管理","标签模型","标签约束","0","0","1","0","0"
"文章管理","文章模型","文章删除","0","0","1","0","0"
"文章管理","文章搜索","基础搜索","0","0","1","0","0"
"文章管理","分类模型","分类层级","0","0","1","0","0"
"核心功能","权限管理","不安全方法访问","0","0","2","0","0"
"用户认证","认证序列化器","用户登出","0","0","2","0","0"
"评论管理","文章评论","评论列表","0","0","1","0","0"
"文章管理","回收站","永久删除","0","0","2","0","0"
"文章管理","文章列表","标签筛选","0","0","1","0","0"
"文章管理","文章模型","文章标签","0","0","1","0","0"
"文章管理","分类模型","分类基础功能","0","0","1","0","0"
"核心功能","API响应","时间戳格式","0","0","2","0","0"
"文章管理","文章列表","文章搜索","0","0","1","0","0"
"文章管理","文章搜索","参数验证","0","0","1","0","0"
"评论管理","评论模型","评论创建","0","0","1","0","0"
"文章管理","文章模型","文章状态","0","0","1","0","0"
"评论管理","文章评论","更新评论","0","0","1","0","0"
"文章管理","标签模型","标签创建","0","0","1","0","0"
"文章管理","文章搜索","搜索过滤","0","0","1","0","0"
"文章管理","文章排序","创建时间排序","0","0","1","0","0"
"文章管理","分类模型","分类约束","0","0","1","0","0"
"评论管理","评论模型","评论基础功能","0","0","1","0","0"
"文章管理","回收站","权限控制","0","0","2","0","0"
"核心功能","时区感知序列化","错误处理","0","0","1","0","0"
"核心功能","时区感知序列化","时区请求头处理","0","0","1","0","0"
"文章管理","文章API","文章详情","0","0","1","0","0"
"插件管理","插件操作","插件卸载","0","0","1","0","0"
"评论管理","评论排序","基本排序","0","0","1","0","0"
"文章管理","文章列表","管理员访问","0","0","1","0","0"
"评论管理","评论排序","回复排序","0","0","1","0","0"
"文章管理","搜索建议","建议数量限制","0","0","1","0","0"
"文章管理","文章自动保存","频率限制","0","0","1","0","0"
"评论管理","全局评论","评论搜索","0","0","1","0","0"
"评论管理","评论模型","评论回复","0","0","1","0","0"
"核心功能","API响应","创建响应","0","0","1","0","0"
