"Status","Start Time","Stop Time","Duration in ms","Parent Suite","Suite","Sub Suite","Test Class","Test Method","Name","Description"
"passed","Sun Mar 02 15:24:54 UTC 2025","Sun Mar 02 15:24:54 UTC 2025","13","tests.apps.post.views","test_auto_save","PostAutoSaveTests","","","test_auto_save_next_save_time","测试自动保存返回的下次保存时间信息"
"passed","Sun Mar 02 15:24:56 UTC 2025","Sun Mar 02 15:24:56 UTC 2025","0","tests.apps.user.models","test_user","TestUserModel","","","test_user_str","测试用户字符串表示"
"passed","Sun Mar 02 15:24:55 UTC 2025","Sun Mar 02 15:24:55 UTC 2025","13","tests.apps.post.views.comment","test_global_comment_api","TestGlobalCommentAPI","","","test_filter_by_post","测试按文章过滤评论"
"passed","Sun Mar 02 15:24:52 UTC 2025","Sun Mar 02 15:24:52 UTC 2025","40","tests.apps.core","test_storage","","","","test_upload_large_file","测试上传超大文件"
"passed","Sun Mar 02 15:24:57 UTC 2025","Sun Mar 02 15:24:57 UTC 2025","2","tests.apps.user.views","test_auth","TestAuthViews","","","test_logout_with_invalid_token","测试使用无效令牌登出"
"passed","Sun Mar 02 15:24:54 UTC 2025","Sun Mar 02 15:24:54 UTC 2025","2","tests.apps.post.views","test_tag","TestTagViews","","","test_create_tag_duplicate_name","测试创建重复名称的标签"
"passed","Sun Mar 02 15:24:53 UTC 2025","Sun Mar 02 15:24:53 UTC 2025","1","tests.apps.plugin","test_views","TestPluginViews","","","test_install_plugin_forbidden","测试普通用户无法安装插件"
"passed","Sun Mar 02 15:24:54 UTC 2025","Sun Mar 02 15:24:54 UTC 2025","8","tests.apps.post.views","test_category","TestCategoryViews","","","test_list_categories_unauthenticated","测试未认证用户获取分类列表"
"passed","Sun Mar 02 15:24:56 UTC 2025","Sun Mar 02 15:24:56 UTC 2025","9","tests.apps.user.views","test_auth","TestAuthViews","","","test_login_success","测试登录成功的情况"
"passed","Sun Mar 02 15:24:53 UTC 2025","Sun Mar 02 15:24:53 UTC 2025","2","tests.apps.plugin","test_views","TestPluginViews","","","test_update_plugin_settings_invalid","测试更新无效的插件配置时的错误处理"
"passed","Sun Mar 02 15:24:54 UTC 2025","Sun Mar 02 15:24:54 UTC 2025","8","tests.apps.post.views","test_category","TestCategoryViews","","","test_list_categories_authenticated","测试已认证用户获取分类列表"
"passed","Sun Mar 02 15:24:54 UTC 2025","Sun Mar 02 15:24:54 UTC 2025","4","tests.apps.post.views","test_tag","TestTagViews","","","test_update_tag_duplicate_name","测试更新标签为重复名称"
"passed","Sun Mar 02 15:24:57 UTC 2025","Sun Mar 02 15:24:57 UTC 2025","14","tests.apps.user.views","test_user","TestUserViews","","","test_register_success","测试成功注册"
"passed","Sun Mar 02 15:24:52 UTC 2025","Sun Mar 02 15:24:52 UTC 2025","40","tests.apps.plugin","test_views","TestPluginViews","","","test_list_plugins","测试管理员获取插件列表的功能"
"passed","Sun Mar 02 15:24:55 UTC 2025","Sun Mar 02 15:24:55 UTC 2025","6","tests.apps.post.views.comment","test_comment_api","TestCommentAPI","","","test_update_other_user_comment","测试更新他人的评论"
"passed","Sun Mar 02 15:24:56 UTC 2025","Sun Mar 02 15:24:56 UTC 2025","7","tests.apps.post.views.post","test_post_trash","TestPostTrash","","","test_restore_post","测试从回收站恢复文章"
"passed","Sun Mar 02 15:24:54 UTC 2025","Sun Mar 02 15:24:54 UTC 2025","10","tests.apps.post.views","test_category","TestCategoryViews","","","test_update_category","测试更新分类"
"passed","Sun Mar 02 15:24:56 UTC 2025","Sun Mar 02 15:24:56 UTC 2025","34","tests.apps.post.views.post","test_post_list","TestPostListView","","","test_order_posts","测试文章列表的排序功能"
"passed","Sun Mar 02 15:24:54 UTC 2025","Sun Mar 02 15:24:54 UTC 2025","7","tests.apps.post.views","test_tag","TestTagViews","","","test_get_tag_detail","测试获取标签详情"
"passed","Sun Mar 02 15:24:55 UTC 2025","Sun Mar 02 15:24:55 UTC 2025","8","tests.apps.post.views.comment","test_global_comment_api","TestGlobalCommentAPI","","","test_comment_urls","测试评论相关的URL路由配置"
"passed","Sun Mar 02 15:24:54 UTC 2025","Sun Mar 02 15:24:54 UTC 2025","7","tests.apps.post.views","test_auto_save","PostAutoSaveTests","","","test_auto_save_wrong_user","测试用户无法自动保存其他用户的文章"
"passed","Sun Mar 02 15:24:57 UTC 2025","Sun Mar 02 15:24:57 UTC 2025","6","tests.apps.user.views","test_auth","TestAuthViews","","","test_login_with_invalid_timezone","测试无效时区的登录"
"passed","Sun Mar 02 15:24:53 UTC 2025","Sun Mar 02 15:24:53 UTC 2025","3","tests.apps.plugin","test_views","TestPluginViews","","","test_install_plugin_invalid","测试安装无效插件时的错误处理"
"passed","Sun Mar 02 15:24:55 UTC 2025","Sun Mar 02 15:24:55 UTC 2025","4","tests.apps.post.views.post","test_post_actions","TestPostActions","","","test_like_post","测试点赞文章的功能"
"passed","Sun Mar 02 15:24:53 UTC 2025","Sun Mar 02 15:24:53 UTC 2025","2","tests.apps.plugin","test_views","TestPluginViews","","","test_uninstall_plugin_forbidden","测试普通用户无法卸载插件"
"passed","Sun Mar 02 15:24:56 UTC 2025","Sun Mar 02 15:24:56 UTC 2025","2","tests.apps.user.models","test_user","TestUserModel","","","test_create_user","测试创建用户"
"passed","Sun Mar 02 15:24:52 UTC 2025","Sun Mar 02 15:24:52 UTC 2025","3","tests.apps.core.models","test_statistics","TestVisitStatistics","","","test_visit_statistics_ordering","测试访问统计排序"
"passed","Sun Mar 02 15:24:53 UTC 2025","Sun Mar 02 15:24:53 UTC 2025","2","tests.apps.plugin","test_views","TestPluginViews","","","test_list_plugins_forbidden","测试普通用户无法获取插件列表"
"passed","Sun Mar 02 15:24:52 UTC 2025","Sun Mar 02 15:24:52 UTC 2025","6","tests.apps.core","test_storage","","","","test_file_rename","测试文件重命名"
"passed","Sun Mar 02 15:24:56 UTC 2025","Sun Mar 02 15:24:56 UTC 2025","4","tests.apps.user.serializers","test_user_serializers","TestUserRegisterSerializer","","","test_email_validation","测试邮箱验证"
"passed","Sun Mar 02 15:24:52 UTC 2025","Sun Mar 02 15:24:52 UTC 2025","1","tests.apps.core.models","test_statistics","TestVisitStatistics","","","test_visit_statistics_defaults","测试访问统计默认值"
"passed","Sun Mar 02 15:24:55 UTC 2025","Sun Mar 02 15:24:55 UTC 2025","23","tests.apps.post.views.comment","test_global_comment_api","TestGlobalCommentAPI","","","test_order_comments_by_created_at","测试按创建时间排序评论"
"passed","Sun Mar 02 15:24:57 UTC 2025","Sun Mar 02 15:24:57 UTC 2025","0","tests.apps.core","test_serializers","TestTimezoneAwareJSONSerializer","","","test_none_value","测试序列化None值的情况"
"passed","Sun Mar 02 15:24:54 UTC 2025","Sun Mar 02 15:24:54 UTC 2025","6","tests.apps.post.views","test_tag","TestTagViews","","","test_search_tags","测试标签搜索功能"
"passed","Sun Mar 02 15:24:57 UTC 2025","Sun Mar 02 15:24:57 UTC 2025","4","tests.apps.user.views","test_user","TestUserViews","","","test_user_register_duplicate_username","测试用户注册-用户名重复"
"passed","Sun Mar 02 15:24:57 UTC 2025","Sun Mar 02 15:24:57 UTC 2025","3","tests.apps.user.views","test_user","TestUserViews","","","test_update_profile_success","测试更新个人信息成功"
"passed","Sun Mar 02 15:24:53 UTC 2025","Sun Mar 02 15:24:53 UTC 2025","2","tests.apps.post.search","test_search","TestSearchSuggestView","","","test_suggest_without_keyword","测试搜索建议时未提供关键词的情况"
"passed","Sun Mar 02 15:24:52 UTC 2025","Sun Mar 02 15:24:52 UTC 2025","3","tests.apps.core","test_storage","","","","test_upload_image","测试上传图片文件"
"passed","Sun Mar 02 15:24:54 UTC 2025","Sun Mar 02 15:24:54 UTC 2025","7","tests.apps.post.views","test_tag","TestTagViews","","","test_create_tag","测试创建新标签"
"passed","Sun Mar 02 15:24:53 UTC 2025","Sun Mar 02 15:24:53 UTC 2025","21","tests.apps.plugin","test_views","TestPluginViews","","","test_install_plugin","测试管理员安装插件的功能"
"passed","Sun Mar 02 15:24:56 UTC 2025","Sun Mar 02 15:24:56 UTC 2025","3","tests.apps.user.serializers","test_user_serializers","TestUserRegisterSerializer","","","test_valid_registration","测试有效的注册数据"
"passed","Sun Mar 02 15:24:55 UTC 2025","Sun Mar 02 15:24:55 UTC 2025","24","tests.apps.post.views.comment","test_global_comment_api","TestGlobalCommentAPI","","","test_filter_by_date_range","测试按日期范围过滤评论"
"passed","Sun Mar 02 15:24:54 UTC 2025","Sun Mar 02 15:24:54 UTC 2025","7","tests.apps.post.views","test_category","TestCategoryViews","","","test_create_category","测试创建分类"
"passed","Sun Mar 02 15:24:53 UTC 2025","Sun Mar 02 15:24:53 UTC 2025","11","tests.apps.post.models","test_post","PostModelTest","","","test_post_ordering","测试文章按创建时间排序的功能"
"passed","Sun Mar 02 15:24:57 UTC 2025","Sun Mar 02 15:24:57 UTC 2025","2","tests.apps.user.views","test_auth","TestAuthViews","","","test_login_account_locked","测试账号锁定情况"
"passed","Sun Mar 02 15:24:55 UTC 2025","Sun Mar 02 15:24:55 UTC 2025","11","tests.apps.post.views.comment","test_global_comment_api","TestGlobalCommentAPI","","","test_list_comments_anonymous","测试匿名用户获取全局评论列表"
"passed","Sun Mar 02 15:24:54 UTC 2025","Sun Mar 02 15:24:54 UTC 2025","3","tests.apps.post.views","test_tag","TestTagViews","","","test_update_nonexistent_tag","测试更新不存在的标签"
"passed","Sun Mar 02 15:24:54 UTC 2025","Sun Mar 02 15:24:54 UTC 2025","5","tests.apps.post.views","test_category","TestCategoryViews","","","test_quick_create_category_with_parent","测试快速创建子分类"
"passed","Sun Mar 02 15:24:56 UTC 2025","Sun Mar 02 15:24:56 UTC 2025","2","tests.apps.user.serializers","test_user","TestUserSerializer","","","test_user_profile_serializer","测试用户资料序列化器"
"passed","Sun Mar 02 15:24:52 UTC 2025","Sun Mar 02 15:24:52 UTC 2025","1","tests.apps.core","test_storage","","","","test_file_upload_unauthorized","测试未授权用户上传文件"
"passed","Sun Mar 02 15:24:56 UTC 2025","Sun Mar 02 15:24:56 UTC 2025","11","tests.apps.post.views.post","test_post_list","TestPostListView","","","test_get_post_list_as_normal_user","测试普通用户只能看到已发布的文章"
"passed","Sun Mar 02 15:24:55 UTC 2025","Sun Mar 02 15:24:55 UTC 2025","9","tests.apps.post.views.post","test_post_crud","TestPostCRUD","","","test_get_post_detail","测试获取文章详情的功能"
"passed","Sun Mar 02 15:24:55 UTC 2025","Sun Mar 02 15:24:55 UTC 2025","2","tests.apps.post.views.post","test_post_crud","TestPostCRUD","","","test_create_post_unauthenticated","测试未登录用户无法创建文章"
"passed","Sun Mar 02 15:24:55 UTC 2025","Sun Mar 02 15:24:55 UTC 2025","5","tests.apps.post.views.post","test_post_actions","TestPostActions","","","test_like_post_twice","测试重复点赞文章时的处理"
"passed","Sun Mar 02 15:24:56 UTC 2025","Sun Mar 02 15:24:56 UTC 2025","4","tests.apps.post.views.post","test_post_list","TestPostListView","","","test_get_post_list_as_anonymous","测试匿名用户只能看到已发布的文章"
"passed","Sun Mar 02 15:24:52 UTC 2025","Sun Mar 02 15:24:52 UTC 2025","3","tests.apps.core.models","test_statistics","TestUserStatistics","","","test_user_statistics_date_range","测试用户统计日期范围查询"
"passed","Sun Mar 02 15:24:54 UTC 2025","Sun Mar 02 15:24:54 UTC 2025","5","tests.apps.post.views","test_tag","TestTagViews","","","test_delete_tag","测试删除标签"
"passed","Sun Mar 02 15:24:52 UTC 2025","Sun Mar 02 15:24:52 UTC 2025","3","tests.apps.core","test_storage","","","","test_file_list_order_by","测试文件列表排序"
"passed","Sun Mar 02 15:24:52 UTC 2025","Sun Mar 02 15:24:52 UTC 2025","2","tests.apps.core","test_response","TestAPIResponse","","","test_custom_values","测试API响应的自定义值，包括自定义消息和数据"
"passed","Sun Mar 02 15:24:56 UTC 2025","Sun Mar 02 15:24:56 UTC 2025","6","tests.apps.user.serializers","test_user_serializers","TestUserRegisterSerializer","","","test_username_validation","测试用户名验证"
"passed","Sun Mar 02 15:24:54 UTC 2025","Sun Mar 02 15:24:54 UTC 2025","21","tests.apps.post.views","test_tag","TestTagViews","","","test_batch_create_tags","测试批量创建标签"
"passed","Sun Mar 02 15:24:56 UTC 2025","Sun Mar 02 15:24:56 UTC 2025","3","tests.apps.post.views.post","test_post_crud","TestPostCRUD","","","test_delete_other_user_post","测试用户无法删除其他用户的文章"
"passed","Sun Mar 02 15:24:54 UTC 2025","Sun Mar 02 15:24:54 UTC 2025","6","tests.apps.post.views","test_tag","TestTagViews","","","test_batch_create_tags_with_invalid_data","测试批量创建标签时包含无效数据"
"passed","Sun Mar 02 15:24:57 UTC 2025","Sun Mar 02 15:24:57 UTC 2025","1","tests.apps.core","test_serializers","TestTimezoneAwareJSONSerializer","","","test_naive_datetime","测试序列化无时区信息的日期时间"
"passed","Sun Mar 02 15:24:56 UTC 2025","Sun Mar 02 15:24:56 UTC 2025","1","tests.apps.user.serializers","test_user_serializers","TestUserProfileSerializer","","","test_read_only_fields","测试只读字段"
"passed","Sun Mar 02 15:24:56 UTC 2025","Sun Mar 02 15:24:56 UTC 2025","2","tests.apps.user.models","test_user_model","TestUserModel","","","test_create_user","测试创建普通用户"
"passed","Sun Mar 02 15:24:52 UTC 2025","Sun Mar 02 15:24:52 UTC 2025","3","tests.apps.core","test_storage","","","","test_filename_length_limit","测试文件名长度限制"
"passed","Sun Mar 02 15:24:56 UTC 2025","Sun Mar 02 15:24:56 UTC 2025","3","tests.apps.user.serializers","test_user","TestUserSerializer","","","test_user_register_serializer_valid","测试用户注册序列化器-有效数据"
"passed","Sun Mar 02 15:24:55 UTC 2025","Sun Mar 02 15:24:55 UTC 2025","19","tests.apps.post.views.post","test_post_api","PostAPITests","","","test_create_post","测试创建新文章的功能"
"passed","Sun Mar 02 15:24:54 UTC 2025","Sun Mar 02 15:24:54 UTC 2025","3","tests.apps.post.views","test_category","TestCategoryViews","","","test_quick_create_category_duplicate_name","测试快速创建重复名称的分类"
"passed","Sun Mar 02 15:24:54 UTC 2025","Sun Mar 02 15:24:54 UTC 2025","2","tests.apps.post.views","test_tag","TestTagViews","","","test_batch_create_tags_with_duplicate","测试批量创建包含重复名称的标签"
"passed","Sun Mar 02 15:24:54 UTC 2025","Sun Mar 02 15:24:54 UTC 2025","2","tests.apps.post.views","test_tag","TestTagViews","","","test_delete_tag_unauthenticated","测试未认证用户删除标签"
"passed","Sun Mar 02 15:24:54 UTC 2025","Sun Mar 02 15:24:54 UTC 2025","8","tests.apps.post.views","test_tag","TestTagViews","","","test_create_tag_invalid_length","测试创建标签时名称长度无效的情况"
"passed","Sun Mar 02 15:24:56 UTC 2025","Sun Mar 02 15:24:56 UTC 2025","0","tests.apps.user.models","test_user","TestUserModel","","","test_user_avatar_upload","测试用户头像上传路径"
"passed","Sun Mar 02 15:24:55 UTC 2025","Sun Mar 02 15:24:55 UTC 2025","8","tests.apps.post.views.post","test_post_crud","TestPostCRUD","","","test_create_post","测试已登录用户创建文章的功能"
"passed","Sun Mar 02 15:24:53 UTC 2025","Sun Mar 02 15:24:53 UTC 2025","2","tests.apps.plugin","test_views","TestPluginViews","","","test_enable_nonexistent_plugin","测试启用不存在的插件时的错误处理"
"passed","Sun Mar 02 15:24:56 UTC 2025","Sun Mar 02 15:24:56 UTC 2025","6","tests.apps.user.models","test_user_model","TestUserModel","","","test_ordering","测试用户排序"
"passed","Sun Mar 02 15:24:55 UTC 2025","Sun Mar 02 15:24:55 UTC 2025","3","tests.apps.post.views.post","test_post_actions","TestPostActions","","","test_view_post","测试浏览文章时增加浏览量"
"passed","Sun Mar 02 15:24:56 UTC 2025","Sun Mar 02 15:24:56 UTC 2025","2","tests.apps.user.serializers","test_user_serializers","TestUserProfileSerializer","","","test_profile_serialization","测试用户信息序列化"
"passed","Sun Mar 02 15:24:53 UTC 2025","Sun Mar 02 15:24:53 UTC 2025","3","tests.apps.post.models","test_category","CategoryModelTest","","","test_category_creation","测试分类创建时各个字段的基本属性和默认值"
"passed","Sun Mar 02 15:24:55 UTC 2025","Sun Mar 02 15:24:55 UTC 2025","16","tests.apps.post.views.comment","test_global_comment_api","TestGlobalCommentAPI","","","test_order_comments_by_reply_count","测试按回复数量排序评论"
"passed","Sun Mar 02 15:24:55 UTC 2025","Sun Mar 02 15:24:55 UTC 2025","3","tests.apps.post.views.post","test_post_actions","TestPostActions","","","test_view_nonexistent_post","测试浏览不存在的文章时的错误处理"
"passed","Sun Mar 02 15:24:52 UTC 2025","Sun Mar 02 15:24:52 UTC 2025","1","tests.apps.backup","test_backup_services","TestBackupService","","","test_restore_from_backup_with_error","测试从备份恢复时发生错误"
"passed","Sun Mar 02 15:24:56 UTC 2025","Sun Mar 02 15:24:56 UTC 2025","9","tests.apps.post.views.post","test_post_trash","TestPostTrash","","","test_empty_trash","测试清空回收站功能"
"passed","Sun Mar 02 15:24:52 UTC 2025","Sun Mar 02 15:24:52 UTC 2025","2","tests.apps.core","test_storage","","","","test_upload_unsupported_file_type","测试上传不支持的文件类型"
"passed","Sun Mar 02 15:24:53 UTC 2025","Sun Mar 02 15:24:53 UTC 2025","6","tests.apps.post.models","test_post","PostModelTest","","","test_post_str_representation","测试文章的字符串表示方法"
"passed","Sun Mar 02 15:24:57 UTC 2025","Sun Mar 02 15:24:57 UTC 2025","0","tests.apps.core","test_serializers","TestTimezoneSerializerMixin","","","test_no_request_in_context","测试没有请求上下文时的默认时区处理"
"passed","Sun Mar 02 15:24:52 UTC 2025","Sun Mar 02 15:24:52 UTC 2025","1","tests.apps.core","test_storage","","","","test_file_upload_no_file","测试上传时未提供文件"
"passed","Sun Mar 02 15:24:56 UTC 2025","Sun Mar 02 15:24:56 UTC 2025","5","tests.apps.user.models","test_user","TestUserModel","","","test_user_email_unique","测试用户邮箱唯一性"
"passed","Sun Mar 02 15:24:54 UTC 2025","Sun Mar 02 15:24:54 UTC 2025","4","tests.apps.post.views","test_tag","TestTagViews","","","test_list_tags_authenticated","测试已认证用户获取标签列表"
"passed","Sun Mar 02 15:24:52 UTC 2025","Sun Mar 02 15:24:52 UTC 2025","3","tests.apps.core.models","test_statistics","TestUserStatistics","","","test_user_statistics_ordering","测试用户统计排序"
"passed","Sun Mar 02 15:24:55 UTC 2025","Sun Mar 02 15:24:55 UTC 2025","23","tests.apps.post.views.post","test_post_api","PostAPITests","","","test_list_posts","测试获取文章列表的基本功能"
"passed","Sun Mar 02 15:24:55 UTC 2025","Sun Mar 02 15:24:55 UTC 2025","5","tests.apps.post.views.comment","test_comment_api","TestCommentAPI","","","test_create_nested_reply","测试创建嵌套回复"
"passed","Sun Mar 02 15:24:53 UTC 2025","Sun Mar 02 15:24:53 UTC 2025","2","tests.apps.post.models","test_post_model","TestPostModel","","","test_create_post","测试创建文章时各个字段的默认值和基本属性"
"passed","Sun Mar 02 15:24:52 UTC 2025","Sun Mar 02 15:24:52 UTC 2025","7","tests.apps.core","test_storage","","","","test_file_delete","测试文件删除"
"passed","Sun Mar 02 15:24:57 UTC 2025","Sun Mar 02 15:24:57 UTC 2025","4","tests.apps.user.views","test_user","TestUserViews","","","test_register_invalid_data","测试注册数据无效"
"passed","Sun Mar 02 15:24:56 UTC 2025","Sun Mar 02 15:24:56 UTC 2025","14","tests.apps.post.views.post","test_post_trash","TestPostTrash","","","test_list_trash_posts","测试获取回收站中的文章列表"
"passed","Sun Mar 02 15:24:57 UTC 2025","Sun Mar 02 15:24:57 UTC 2025","1","tests.apps.core","test_serializers","TestTimezoneSerializerMixin","","","test_naive_datetime_conversion","测试无时区日期时间的转换处理"
"passed","Sun Mar 02 15:24:53 UTC 2025","Sun Mar 02 15:24:53 UTC 2025","1","tests.apps.plugin","test_views","TestPluginViews","","","test_update_plugin_settings_forbidden","测试普通用户无法更新插件配置"
"passed","Sun Mar 02 15:24:55 UTC 2025","Sun Mar 02 15:24:55 UTC 2025","4","tests.apps.post.views.comment","test_comment_api","TestCommentAPI","","","test_create_comment_with_invalid_parent","测试回复不存在的评论"
"passed","Sun Mar 02 15:24:57 UTC 2025","Sun Mar 02 15:24:57 UTC 2025","2","tests.apps.user.views","test_auth","TestAuthViews","","","test_change_password_wrong_old_password","测试使用错误的旧密码修改密码"
"passed","Sun Mar 02 15:24:53 UTC 2025","Sun Mar 02 15:24:53 UTC 2025","3","tests.apps.post.models","test_post_model","TestPostModel","","","test_post_restore","测试恢复已删除文章的功能"
"passed","Sun Mar 02 15:24:52 UTC 2025","Sun Mar 02 15:24:52 UTC 2025","1","tests.apps.core","test_response","TestAPIResponse","","","test_success_response","测试标准成功响应的格式和内容"
"passed","Sun Mar 02 15:24:54 UTC 2025","Sun Mar 02 15:24:54 UTC 2025","2","tests.apps.post.views","test_tag","TestTagViews","","","test_create_tag_unauthenticated","测试未认证用户创建标签"
"passed","Sun Mar 02 15:24:55 UTC 2025","Sun Mar 02 15:24:55 UTC 2025","3","tests.apps.post.views.post","test_post_crud","TestPostCRUD","","","test_update_nonexistent_post","测试更新不存在的文章时的错误处理"
"passed","Sun Mar 02 15:24:56 UTC 2025","Sun Mar 02 15:24:56 UTC 2025","3","tests.apps.post.views.post","test_post_trash","TestPostTrash","","","test_restore_nonexistent_post","测试恢复不存在的文章"
"passed","Sun Mar 02 15:24:56 UTC 2025","Sun Mar 02 15:24:56 UTC 2025","2","tests.apps.user.models","test_user","TestUserModel","","","test_create_superuser","测试创建超级用户"
"passed","Sun Mar 02 15:24:54 UTC 2025","Sun Mar 02 15:24:54 UTC 2025","10","tests.apps.post.views","test_category","TestCategoryViews","","","test_category_level","测试分类层级"
"passed","Sun Mar 02 15:24:51 UTC 2025","Sun Mar 02 15:24:52 UTC 2025","17","tests.apps.backup","test_backup_services","TestBackupService","","","test_create_backup","测试创建备份"
"passed","Sun Mar 02 15:24:56 UTC 2025","Sun Mar 02 15:24:56 UTC 2025","1","tests.apps.user.serializers","test_user_serializers","TestUserProfileUpdateSerializer","","","test_partial_update","测试部分更新"
"passed","Sun Mar 02 15:24:52 UTC 2025","Sun Mar 02 15:24:52 UTC 2025","1","tests.apps.core","test_response","TestAPIResponse","","","test_success_response_without_data","测试不带数据的成功响应格式"
"passed","Sun Mar 02 15:24:57 UTC 2025","Sun Mar 02 15:24:57 UTC 2025","5","tests.apps.user.views","test_user","TestUserViews","","","test_register_duplicate_username","测试注册重复用户名"
"passed","Sun Mar 02 15:24:52 UTC 2025","Sun Mar 02 15:24:52 UTC 2025","1","tests.apps.core","test_permissions","TestIsAdminUserOrReadOnly","","","test_unsafe_methods_allowed_for_superuser","测试超级用户可以访问所有方法，包括不安全方法"
"passed","Sun Mar 02 15:24:54 UTC 2025","Sun Mar 02 15:24:54 UTC 2025","17","tests.apps.post.views","test_category","TestCategoryViews","","","test_delete_category_with_posts","测试删除有关联文章的分类"
"passed","Sun Mar 02 15:24:52 UTC 2025","Sun Mar 02 15:24:52 UTC 2025","1","tests.apps.core","test_permissions","TestIsAdminUserOrReadOnly","","","test_unsafe_methods_allowed_for_staff","测试管理员可以访问所有方法，包括不安全方法"
"passed","Sun Mar 02 15:24:56 UTC 2025","Sun Mar 02 15:24:56 UTC 2025","1","tests.apps.user.models","test_user_model","TestUserModel","","","test_create_superuser","测试创建超级用户"
"passed","Sun Mar 02 15:24:54 UTC 2025","Sun Mar 02 15:24:54 UTC 2025","12","tests.apps.post.views","test_category","TestCategoryViews","","","test_delete_category","测试删除分类"
"passed","Sun Mar 02 15:24:53 UTC 2025","Sun Mar 02 15:24:53 UTC 2025","7","tests.apps.post.models","test_post","PostModelTest","","","test_post_creation","测试文章创建时各个字段的默认值和基本属性"
"passed","Sun Mar 02 15:24:54 UTC 2025","Sun Mar 02 15:24:54 UTC 2025","3","tests.apps.post.views","test_tag","TestTagViews","","","test_list_tags_unauthenticated","测试未认证用户获取标签列表"
"passed","Sun Mar 02 15:24:54 UTC 2025","Sun Mar 02 15:24:54 UTC 2025","2","tests.apps.post.views","test_category","TestCategoryViews","","","test_delete_category_forbidden","测试非管理员用户删除分类"
"passed","Sun Mar 02 15:24:53 UTC 2025","Sun Mar 02 15:24:53 UTC 2025","6","tests.apps.post.models","test_post","PostModelTest","","","test_post_publish","测试文章发布时的状态变化"
"passed","Sun Mar 02 15:24:52 UTC 2025","Sun Mar 02 15:24:52 UTC 2025","2","tests.apps.core","test_response","TestAPIResponse","","","test_request_id_format_old","测试请求ID是否为有效的UUID格式"
"passed","Sun Mar 02 15:24:56 UTC 2025","Sun Mar 02 15:24:56 UTC 2025","2","tests.apps.user.serializers","test_auth","TestAuthSerializer","","","测试密码修改序列化器 - 有效数据","测试密码修改序列化器 - 有效数据"
"passed","Sun Mar 02 15:24:54 UTC 2025","Sun Mar 02 15:24:54 UTC 2025","14","tests.apps.post.views","test_auto_save","PostAutoSaveTests","","","test_get_auto_save_content","测试获取已自动保存的文章内容"
"passed","Sun Mar 02 15:24:54 UTC 2025","Sun Mar 02 15:24:54 UTC 2025","5","tests.apps.post.views","test_category","TestCategoryViews","","","test_update_nonexistent_category","测试更新不存在的分类"
"passed","Sun Mar 02 15:24:53 UTC 2025","Sun Mar 02 15:24:53 UTC 2025","8","tests.apps.post.models","test_comment","CommentModelTest","","","test_comment_ordering","测试评论按创建时间排序的功能"
"passed","Sun Mar 02 15:24:57 UTC 2025","Sun Mar 02 15:24:57 UTC 2025","2","tests.apps.user.views","test_user","TestUserViews","","","test_get_user_profile_unauthenticated","测试未认证用户获取用户资料"
"passed","Sun Mar 02 15:24:55 UTC 2025","Sun Mar 02 15:24:55 UTC 2025","8","tests.apps.post.views.comment","test_comment_api","TestCommentAPI","","","test_create_comment","测试创建新评论"
"passed","Sun Mar 02 15:24:52 UTC 2025","Sun Mar 02 15:24:52 UTC 2025","2","tests.apps.core","test_response","TestAPIResponse","","","test_response_structure","测试API响应的基本结构，包括code、message、data、timestamp和requestId字段"
"passed","Sun Mar 02 15:24:52 UTC 2025","Sun Mar 02 15:24:52 UTC 2025","110","tests.apps.core","test_storage","","","","test_file_upload","测试文件上传"
"passed","Sun Mar 02 15:24:55 UTC 2025","Sun Mar 02 15:24:55 UTC 2025","13","tests.apps.post.views.comment","test_global_comment_api","TestGlobalCommentAPI","","","test_filter_by_author","测试按作者过滤评论"
"passed","Sun Mar 02 15:24:53 UTC 2025","Sun Mar 02 15:24:53 UTC 2025","4","tests.apps.plugin","test_views","TestPluginViews","","","test_enable_plugin","测试管理员启用插件的功能"
"passed","Sun Mar 02 15:24:57 UTC 2025","Sun Mar 02 15:24:57 UTC 2025","1","tests.apps.user.serializers","test_auth","TestAuthSerializer","","","测试登录响应序列化器 - 缺少必要字段","测试登录响应序列化器 - 缺少必要字段"
"passed","Sun Mar 02 15:24:57 UTC 2025","Sun Mar 02 15:24:57 UTC 2025","1","tests.apps.user.views","test_user","TestUserViews","","","test_update_user_profile_unauthenticated","测试未认证用户更新用户资料"
"passed","Sun Mar 02 15:24:56 UTC 2025","Sun Mar 02 15:24:56 UTC 2025","2","tests.apps.user.serializers","test_user","TestUserSerializer","","","test_user_register_serializer_duplicate_username","测试用户注册序列化器-用户名重复"
"passed","Sun Mar 02 15:24:52 UTC 2025","Sun Mar 02 15:24:52 UTC 2025","1","tests.apps.core","test_response","TestAPIResponse","","","test_error_response_without_data","测试不带数据的错误响应格式"
"passed","Sun Mar 02 15:24:54 UTC 2025","Sun Mar 02 15:24:54 UTC 2025","2","tests.apps.post.views","test_category","TestCategoryViews","","","test_delete_category_unauthorized","测试未认证用户删除分类"
"passed","Sun Mar 02 15:24:52 UTC 2025","Sun Mar 02 15:24:52 UTC 2025","1","tests.apps.core.models","test_statistics","TestVisitStatistics","","","test_create_visit_statistics","测试创建访问统计记录"
"passed","Sun Mar 02 15:24:57 UTC 2025","Sun Mar 02 15:24:57 UTC 2025","17","tests.apps.user.views","test_auth","TestAuthViews","","","test_token_refresh_success","测试刷新令牌成功"
"passed","Sun Mar 02 15:24:54 UTC 2025","Sun Mar 02 15:24:54 UTC 2025","9","tests.apps.post.views","test_tag","TestTagViews","","","test_list_tags_ordering","测试标签列表排序功能"
"passed","Sun Mar 02 15:24:57 UTC 2025","Sun Mar 02 15:24:57 UTC 2025","3","tests.apps.user.views","test_user","TestUserViews","","","test_update_profile_invalid_data","测试更新个人信息失败 - 无效数据"
"passed","Sun Mar 02 15:24:56 UTC 2025","Sun Mar 02 15:24:56 UTC 2025","13","tests.apps.post.views.post","test_post_list","TestPostListView","","","test_filter_posts_by_category","测试按分类筛选文章的功能"
"passed","Sun Mar 02 15:24:54 UTC 2025","Sun Mar 02 15:24:54 UTC 2025","4","tests.apps.post.views","test_category","TestCategoryViews","","","test_quick_create_category","测试快速创建分类"
"passed","Sun Mar 02 15:24:56 UTC 2025","Sun Mar 02 15:24:56 UTC 2025","1","tests.apps.user.models","test_user_model","TestUserModel","","","test_optional_fields","测试可选字段"
"passed","Sun Mar 02 15:24:53 UTC 2025","Sun Mar 02 15:24:53 UTC 2025","2","tests.apps.post.models","test_tag","TagModelTest","","","test_tag_str_representation","测试标签的字符串表示方法"
"passed","Sun Mar 02 15:24:55 UTC 2025","Sun Mar 02 15:24:55 UTC 2025","2","tests.apps.post.views.post","test_post_actions","TestPostActions","","","test_archive_post_unauthenticated","测试未登录用户无法归档文章"
"passed","Sun Mar 02 15:24:52 UTC 2025","Sun Mar 02 15:24:52 UTC 2025","2","tests.apps.core","test_storage","","","","test_chinese_filename","测试中文文件名"
"passed","Sun Mar 02 15:24:54 UTC 2025","Sun Mar 02 15:24:54 UTC 2025","10","tests.apps.post.tasks","test_tasks","AutoSaveCleanupTaskTests","","","test_cleanup_auto_save_versions","测试清理30天前的自动保存内容，保留最近30天的内容"
"passed","Sun Mar 02 15:24:53 UTC 2025","Sun Mar 02 15:24:53 UTC 2025","19","tests.apps.post.search","test_search","TestSearchSuggestView","","","test_suggest_categories_and_tags","测试分类和标签的搜索建议功能"
"passed","Sun Mar 02 15:24:52 UTC 2025","Sun Mar 02 15:24:52 UTC 2025","2","tests.apps.core.models","test_statistics","TestUserStatistics","","","test_create_user_statistics","测试创建用户统计记录"
"passed","Sun Mar 02 15:24:52 UTC 2025","Sun Mar 02 15:24:52 UTC 2025","6","tests.apps.overview","test_overview_services","TestSystemService","","","test_get_content_stats","测试获取内容统计"
"passed","Sun Mar 02 15:24:52 UTC 2025","Sun Mar 02 15:24:52 UTC 2025","1","tests.apps.backup","test_backup_services","TestBackupService","","","test_backup_media_files","测试备份媒体文件"
"passed","Sun Mar 02 15:24:54 UTC 2025","Sun Mar 02 15:24:54 UTC 2025","3","tests.apps.post.views","test_tag","TestTagViews","","","test_create_tag_empty_name","测试创建标签时名称为空的情况"
"passed","Sun Mar 02 15:24:55 UTC 2025","Sun Mar 02 15:24:55 UTC 2025","5","tests.apps.post.views.comment","test_comment_api","TestCommentAPI","","","test_delete_other_user_comment","测试删除他人的评论"
"passed","Sun Mar 02 15:24:54 UTC 2025","Sun Mar 02 15:24:54 UTC 2025","2","tests.apps.post.views","test_tag","TestTagViews","","","test_batch_create_tags_unauthenticated","测试未认证用户批量创建标签"
"passed","Sun Mar 02 15:24:56 UTC 2025","Sun Mar 02 15:24:56 UTC 2025","5","tests.apps.user.serializers","test_user_serializers","TestUserRegisterSerializer","","","test_register_with_invalid_password","测试密码不符合要求的情况"
"passed","Sun Mar 02 15:24:56 UTC 2025","Sun Mar 02 15:24:56 UTC 2025","2","tests.apps.user.serializers","test_user_serializers","TestUserProfileUpdateSerializer","","","test_update_profile","测试更新用户信息"
"passed","Sun Mar 02 15:24:52 UTC 2025","Sun Mar 02 15:24:52 UTC 2025","3","tests.apps.core","test_storage","","","","test_file_content_nonexistent","测试获取不存在文件的内容"
"passed","Sun Mar 02 15:24:54 UTC 2025","Sun Mar 02 15:24:54 UTC 2025","3","tests.apps.post.views","test_tag","TestTagViews","","","test_delete_nonexistent_tag","测试删除不存在的标签"
"passed","Sun Mar 02 15:24:57 UTC 2025","Sun Mar 02 15:24:57 UTC 2025","2","tests.apps.user.views","test_auth","TestAuthViews","","","test_logout_without_token","测试未认证的登出"
"passed","Sun Mar 02 15:24:52 UTC 2025","Sun Mar 02 15:24:52 UTC 2025","6","tests.apps.core","test_storage","","","","test_file_list","测试获取文件列表"
"passed","Sun Mar 02 15:24:55 UTC 2025","Sun Mar 02 15:24:55 UTC 2025","6","tests.apps.post.views.post","test_post_actions","TestPostActions","","","test_archive_post","测试归档文章的功能"
"passed","Sun Mar 02 15:24:55 UTC 2025","Sun Mar 02 15:24:55 UTC 2025","4","tests.apps.post.views.comment","test_comment_api","TestCommentAPI","","","test_create_cross_post_reply","测试跨文章回复评论"
"passed","Sun Mar 02 15:24:53 UTC 2025","Sun Mar 02 15:24:53 UTC 2025","6","tests.apps.post.models","test_post_model","TestPostModel","","","test_post_ordering","测试文章的默认排序功能"
"passed","Sun Mar 02 15:24:55 UTC 2025","Sun Mar 02 15:24:55 UTC 2025","10","tests.apps.post.views.comment","test_comment_api","TestCommentAPI","","","test_create_comment_with_parent","测试回复已有评论"
"passed","Sun Mar 02 15:24:54 UTC 2025","Sun Mar 02 15:24:54 UTC 2025","2","tests.apps.post.views","test_tag","TestTagViews","","","test_update_tag_unauthenticated","测试未认证用户更新标签"
"passed","Sun Mar 02 15:24:55 UTC 2025","Sun Mar 02 15:24:55 UTC 2025","9","tests.apps.post.views.post","test_post_crud","TestPostCRUD","","","test_retrieve_post","测试获取单篇文章的详细信息"
"passed","Sun Mar 02 15:24:53 UTC 2025","Sun Mar 02 15:24:53 UTC 2025","7","tests.apps.plugin","test_views","TestPluginViews","","","test_disable_plugin","测试管理员禁用插件的功能"
"passed","Sun Mar 02 15:24:52 UTC 2025","Sun Mar 02 15:24:52 UTC 2025","5","tests.apps.core","test_storage","","","","test_upload_document_files","测试上传各种文档类型"
"passed","Sun Mar 02 15:24:52 UTC 2025","Sun Mar 02 15:24:52 UTC 2025","3","tests.apps.core","test_storage","","","","test_file_delete_nonexistent","测试删除不存在的文件"
"passed","Sun Mar 02 15:24:53 UTC 2025","Sun Mar 02 15:24:53 UTC 2025","21","tests.apps.post.search","test_search","TestSearchSuggestView","","","test_suggest_posts","测试文章相关的搜索建议功能"
"passed","Sun Mar 02 15:24:53 UTC 2025","Sun Mar 02 15:24:53 UTC 2025","26","tests.apps.post.search","test_search","TestSearchView","","","test_search_with_date_range","测试按日期范围搜索文章"
"passed","Sun Mar 02 15:24:55 UTC 2025","Sun Mar 02 15:24:55 UTC 2025","33","tests.apps.post.views.comment","test_global_comment_api","TestGlobalCommentAPI","","","test_list_comments_pagination","测试评论列表分页功能"
"passed","Sun Mar 02 15:24:52 UTC 2025","Sun Mar 02 15:24:52 UTC 2025","1","tests.apps.core","test_permissions","TestIsAdminUserOrReadOnly","","","test_safe_methods_allowed_for_anonymous","测试匿名用户可以访问安全方法(GET、HEAD、OPTIONS)"
"passed","Sun Mar 02 15:24:57 UTC 2025","Sun Mar 02 15:24:57 UTC 2025","2","tests.apps.user.views","test_auth","TestAuthViews","","","test_token_refresh_missing_token","测试刷新令牌失败 - 缺少令牌"
"passed","Sun Mar 02 15:24:52 UTC 2025","Sun Mar 02 15:24:52 UTC 2025","4","tests.apps.overview","test_overview_services","TestSystemService","","","test_get_storage_stats","测试获取存储统计"
"passed","Sun Mar 02 15:24:56 UTC 2025","Sun Mar 02 15:24:56 UTC 2025","2","tests.apps.user.serializers","test_auth","TestAuthSerializer","","","测试密码修改序列化器 - 旧密码错误","测试密码修改序列化器 - 旧密码错误"
"passed","Sun Mar 02 15:24:55 UTC 2025","Sun Mar 02 15:24:55 UTC 2025","11","tests.apps.post.views.comment","test_comment_api","TestCommentAPI","","","test_anonymous_user_operations","测试未登录用户的评论操作"
"passed","Sun Mar 02 15:24:55 UTC 2025","Sun Mar 02 15:24:55 UTC 2025","7","tests.apps.post.views.comment","test_comment_api","TestCommentAPI","","","test_delete_comment","测试删除评论"
"passed","Sun Mar 02 15:24:55 UTC 2025","Sun Mar 02 15:24:55 UTC 2025","3","tests.apps.post.views.comment","test_comment_api","TestCommentAPI","","","test_create_comment_with_invalid_post","测试对不存在的文章创建评论"
"passed","Sun Mar 02 15:24:57 UTC 2025","Sun Mar 02 15:24:57 UTC 2025","1","tests.apps.user.serializers","test_auth","TestAuthSerializer","","","测试登录响应序列化器 - 空数据","测试登录响应序列化器 - 空数据"
"passed","Sun Mar 02 15:24:53 UTC 2025","Sun Mar 02 15:24:53 UTC 2025","25","tests.apps.post.search","test_search","TestSearchView","","","test_search_with_highlight","测试搜索结果的关键词高亮功能"
"passed","Sun Mar 02 15:24:53 UTC 2025","Sun Mar 02 15:24:53 UTC 2025","2","tests.apps.post.models","test_tag","TagModelTest","","","test_tag_unique_name","测试标签名称的唯一性约束"
"passed","Sun Mar 02 15:24:53 UTC 2025","Sun Mar 02 15:24:53 UTC 2025","3","tests.apps.post.models","test_post_model","TestPostModel","","","test_post_soft_delete","测试文章的软删除功能"
"passed","Sun Mar 02 15:24:53 UTC 2025","Sun Mar 02 15:24:53 UTC 2025","40","tests.apps.post.search","test_search","TestSearchView","","","test_search_posts","测试基本的文章搜索功能"
"passed","Sun Mar 02 15:24:53 UTC 2025","Sun Mar 02 15:24:53 UTC 2025","2","tests.apps.plugin","test_views","TestPluginViews","","","test_get_plugin_settings_forbidden","测试普通用户无法获取插件配置"
"passed","Sun Mar 02 15:24:53 UTC 2025","Sun Mar 02 15:24:53 UTC 2025","4","tests.apps.post.models","test_category","CategoryModelTest","","","test_category_parent_child_relationship","测试分类的父子关系功能"
"passed","Sun Mar 02 15:24:52 UTC 2025","Sun Mar 02 15:24:52 UTC 2025","1","tests.apps.core","test_permissions","TestIsAdminUserOrReadOnly","","","test_safe_methods_allowed_for_normal_user","测试普通用户可以访问安全方法(GET、HEAD、OPTIONS)"
"passed","Sun Mar 02 15:24:53 UTC 2025","Sun Mar 02 15:24:53 UTC 2025","7","tests.apps.plugin","test_views","TestPluginViews","","","test_update_plugin_settings","测试管理员更新插件配置的功能"
"passed","Sun Mar 02 15:24:52 UTC 2025","Sun Mar 02 15:24:52 UTC 2025","1","tests.apps.core","test_permissions","TestIsAdminUserOrReadOnly","","","test_unsafe_methods_denied_for_anonymous","测试匿名用户不能访问不安全方法(POST、PUT、PATCH、DELETE)"
"passed","Sun Mar 02 15:24:55 UTC 2025","Sun Mar 02 15:24:55 UTC 2025","3","tests.apps.post.views.post","test_post_actions","TestPostActions","","","test_archive_other_user_post","测试用户无法归档其他用户的文章"
"passed","Sun Mar 02 15:24:52 UTC 2025","Sun Mar 02 15:24:52 UTC 2025","3","tests.apps.core","test_storage","","","","test_file_list_pagination","测试文件列表分页"
"passed","Sun Mar 02 15:24:56 UTC 2025","Sun Mar 02 15:24:56 UTC 2025","3","tests.apps.user.serializers","test_auth","TestAuthSerializer","","","测试密码修改序列化器 - 保存密码","测试密码修改序列化器 - 保存密码"
"passed","Sun Mar 02 15:24:54 UTC 2025","Sun Mar 02 15:24:54 UTC 2025","2","tests.apps.post.views","test_category","TestCategoryViews","","","test_quick_create_category_empty_name","测试快速创建分类时名称为空"
"passed","Sun Mar 02 15:24:55 UTC 2025","Sun Mar 02 15:24:55 UTC 2025","3","tests.apps.post.views.post","test_post_actions","TestPostActions","","","test_like_nonexistent_post","测试点赞不存在的文章时的错误处理"
"passed","Sun Mar 02 15:24:54 UTC 2025","Sun Mar 02 15:24:54 UTC 2025","5","tests.apps.post.views","test_category","TestCategoryViews","","","test_delete_nonexistent_category","测试删除不存在的分类"
"passed","Sun Mar 02 15:24:57 UTC 2025","Sun Mar 02 15:24:57 UTC 2025","0","tests.apps.user.serializers","test_auth","TestAuthSerializer","","","测试登出序列化器 - 无效数据","测试登出序列化器 - 无效数据"
"passed","Sun Mar 02 15:24:56 UTC 2025","Sun Mar 02 15:24:56 UTC 2025","2","tests.apps.user.models","test_user_model","TestUserModel","","","test_email_unique","测试邮箱唯一性约束"
"passed","Sun Mar 02 15:24:57 UTC 2025","Sun Mar 02 15:24:57 UTC 2025","2","tests.apps.user.views","test_auth","TestAuthViews","","","test_logout_without_refresh_token","测试没有提供刷新令牌的登出"
"passed","Sun Mar 02 15:24:56 UTC 2025","Sun Mar 02 15:24:56 UTC 2025","1","tests.apps.user.models","test_user","TestUserModel","","","test_user_optional_fields","测试用户可选字段"
"passed","Sun Mar 02 15:24:55 UTC 2025","Sun Mar 02 15:24:55 UTC 2025","9","tests.apps.post.views.comment","test_comment_api","TestCommentAPI","","","test_list_comments","测试获取文章评论列表"
"passed","Sun Mar 02 15:24:56 UTC 2025","Sun Mar 02 15:24:56 UTC 2025","3","tests.apps.post.views.post","test_post_trash","TestPostTrash","","","test_permanent_delete_nonexistent_post","测试永久删除不存在的文章"
"passed","Sun Mar 02 15:24:56 UTC 2025","Sun Mar 02 15:24:56 UTC 2025","16","tests.apps.post.views.post","test_post_list","TestPostListView","","","test_filter_posts_by_tags","测试按标签筛选文章的功能"
"passed","Sun Mar 02 15:24:56 UTC 2025","Sun Mar 02 15:24:56 UTC 2025","2","tests.apps.user.serializers","test_auth","TestAuthSerializer","","","测试密码修改序列化器 - 密码不匹配","测试密码修改序列化器 - 密码不匹配"
"passed","Sun Mar 02 15:24:56 UTC 2025","Sun Mar 02 15:24:56 UTC 2025","2","tests.apps.user.models","test_user_model","TestUserModel","","","test_user_str_method","测试用户模型的字符串表示"
"passed","Sun Mar 02 15:24:55 UTC 2025","Sun Mar 02 15:24:55 UTC 2025","5","tests.apps.post.views.post","test_post_crud","TestPostCRUD","","","test_delete_post","测试删除文章的功能"
"passed","Sun Mar 02 15:24:54 UTC 2025","Sun Mar 02 15:24:54 UTC 2025","7","tests.apps.post.views","test_category","TestCategoryViews","","","test_search_categories","测试搜索分类"
"passed","Sun Mar 02 15:24:53 UTC 2025","Sun Mar 02 15:24:53 UTC 2025","8","tests.apps.post.models","test_post","PostModelTest","","","test_post_tags","测试文章与标签的关联关系"
"passed","Sun Mar 02 15:24:57 UTC 2025","Sun Mar 02 15:24:57 UTC 2025","1","tests.apps.user.serializers","test_auth","TestAuthSerializer","","","测试登出序列化器 - 有效数据","测试登出序列化器 - 有效数据"
"passed","Sun Mar 02 15:24:53 UTC 2025","Sun Mar 02 15:24:53 UTC 2025","2","tests.apps.post.models","test_category","CategoryModelTest","","","test_category_str_representation","测试分类的字符串表示方法"
"passed","Sun Mar 02 15:24:57 UTC 2025","Sun Mar 02 15:24:57 UTC 2025","4","tests.apps.user.views","test_user","TestUserViews","","","test_change_password_success","测试成功修改密码"
"passed","Sun Mar 02 15:24:52 UTC 2025","Sun Mar 02 15:24:52 UTC 2025","1","tests.apps.core","test_response","TestAPIResponse","","","test_timestamp_format_old","测试时间戳格式是否可以被解析为有效的ISO格式"
"passed","Sun Mar 02 15:24:56 UTC 2025","Sun Mar 02 15:24:56 UTC 2025","11","tests.apps.post.views.post","test_post_list","TestPostListView","","","test_search_posts","测试搜索文章的功能"
"passed","Sun Mar 02 15:24:53 UTC 2025","Sun Mar 02 15:24:53 UTC 2025","8","tests.apps.post.search","test_search","TestSearchView","","","test_search_without_keyword","测试搜索时未提供关键词的情况"
"passed","Sun Mar 02 15:24:55 UTC 2025","Sun Mar 02 15:24:55 UTC 2025","5","tests.apps.post.views.post","test_post_actions","TestPostActions","","","test_view_post_multiple_times","测试多次浏览文章时的浏览量计数"
"passed","Sun Mar 02 15:24:53 UTC 2025","Sun Mar 02 15:24:53 UTC 2025","6","tests.apps.post.models","test_comment","CommentModelTest","","","test_comment_creation","测试评论创建时各个字段的基本属性"
"passed","Sun Mar 02 15:24:54 UTC 2025","Sun Mar 02 15:24:54 UTC 2025","10","tests.apps.post.views","test_auto_save","PostAutoSaveTests","","","test_auto_save_unauthorized","测试未登录用户无法使用自动保存功能"
"passed","Sun Mar 02 15:24:53 UTC 2025","Sun Mar 02 15:24:53 UTC 2025","3","tests.apps.plugin","test_views","TestPluginViews","","","test_get_plugin_settings","测试管理员获取插件配置的功能"
"passed","Sun Mar 02 15:24:56 UTC 2025","Sun Mar 02 15:24:56 UTC 2025","70","tests.apps.user.serializers","test_user_serializers","TestUserProfileUpdateSerializer","","","test_update_avatar","测试更新头像"
"passed","Sun Mar 02 15:24:53 UTC 2025","Sun Mar 02 15:24:53 UTC 2025","3","tests.apps.post.models","test_post_model","TestPostModel","","","test_post_publish","测试发布文章时的状态变更和发布时间处理"
"passed","Sun Mar 02 15:24:55 UTC 2025","Sun Mar 02 15:24:55 UTC 2025","8","tests.apps.post.views.comment","test_comment_api","TestCommentAPI","","","test_update_comment","测试更新评论内容"
"passed","Sun Mar 02 15:24:54 UTC 2025","Sun Mar 02 15:24:54 UTC 2025","25","tests.apps.post.views","test_tag","TestTagViews","","","test_list_tags_with_pagination","测试标签列表分页功能"
"passed","Sun Mar 02 15:24:52 UTC 2025","Sun Mar 02 15:24:52 UTC 2025","3","tests.apps.core","test_storage","","","","test_special_filename","测试特殊字符文件名"
"passed","Sun Mar 02 15:24:55 UTC 2025","Sun Mar 02 15:24:55 UTC 2025","3","tests.apps.post.views.comment","test_comment_api","TestCommentAPI","","","test_create_comment_with_empty_content","测试创建空内容的评论"
"passed","Sun Mar 02 15:24:53 UTC 2025","Sun Mar 02 15:24:53 UTC 2025","3","tests.apps.post.models","test_tag","TagModelTest","","","test_tag_creation","测试标签创建时各个字段的基本属性"
"passed","Sun Mar 02 15:24:57 UTC 2025","Sun Mar 02 15:24:57 UTC 2025","6","tests.apps.user.views","test_user","TestUserViews","","","test_user_register","测试用户注册"
"passed","Sun Mar 02 15:24:57 UTC 2025","Sun Mar 02 15:24:57 UTC 2025","2","tests.apps.user.views","test_auth","TestAuthViews","","","test_token_refresh_invalid_token","测试刷新令牌失败 - 无效的令牌"
"passed","Sun Mar 02 15:24:52 UTC 2025","Sun Mar 02 15:24:52 UTC 2025","2","tests.apps.core","test_storage","","","","test_file_rename_nonexistent","测试重命名不存在的文件"
"passed","Sun Mar 02 15:24:54 UTC 2025","Sun Mar 02 15:24:54 UTC 2025","8","tests.apps.post.views","test_category","TestCategoryViews","","","test_delete_category_with_children","测试删除有子分类的分类"
"passed","Sun Mar 02 15:24:55 UTC 2025","Sun Mar 02 15:24:55 UTC 2025","3","tests.apps.post.views.post","test_post_crud","TestPostCRUD","","","test_delete_nonexistent_post","测试删除不存在的文章时的错误处理"
"passed","Sun Mar 02 15:24:56 UTC 2025","Sun Mar 02 15:24:56 UTC 2025","2","tests.apps.user.models","test_user_model","TestUserModel","","","test_username_unique","测试用户名唯一性约束"
"passed","Sun Mar 02 15:24:57 UTC 2025","Sun Mar 02 15:24:57 UTC 2025","3","tests.apps.user.views","test_auth","TestAuthViews","","","test_change_password_success","测试修改密码成功"
"passed","Sun Mar 02 15:24:52 UTC 2025","Sun Mar 02 15:24:52 UTC 2025","2","tests.apps.core","test_response","TestAPIResponse","","","test_error_response_with_validation_errors","测试带验证错误的错误响应格式和内容"
"passed","Sun Mar 02 15:24:54 UTC 2025","Sun Mar 02 15:24:54 UTC 2025","10","tests.apps.post.views","test_category","TestCategoryViews","","","test_create_category_with_parent","测试创建子分类"
"passed","Sun Mar 02 15:24:53 UTC 2025","Sun Mar 02 15:24:53 UTC 2025","3","tests.apps.plugin","test_views","TestPluginViews","","","test_disable_nonexistent_plugin","测试禁用不存在的插件时的错误处理"
"passed","Sun Mar 02 15:24:53 UTC 2025","Sun Mar 02 15:24:53 UTC 2025","3","tests.apps.plugin","test_views","TestPluginViews","","","test_update_nonexistent_plugin_settings","测试更新不存在的插件配置时的错误处理"
"passed","Sun Mar 02 15:24:56 UTC 2025","Sun Mar 02 15:24:56 UTC 2025","2","tests.apps.user.serializers","test_auth","TestAuthSerializer","","","测试密码修改序列化器 - 密码格式无效","测试密码修改序列化器 - 密码格式无效"
"passed","Sun Mar 02 15:24:53 UTC 2025","Sun Mar 02 15:24:53 UTC 2025","25","tests.apps.post.search","test_search","TestSearchView","","","test_search_with_filters","测试带过滤条件的文章搜索功能"
"passed","Sun Mar 02 15:24:56 UTC 2025","Sun Mar 02 15:24:56 UTC 2025","8","tests.apps.post.views.post","test_post_trash","TestPostTrash","","","test_permanent_delete_post","测试永久删除回收站中的文章"
"passed","Sun Mar 02 15:24:53 UTC 2025","Sun Mar 02 15:24:53 UTC 2025","10","tests.apps.post.models","test_post_ordering","PostOrderingTest","","","test_post_ordering","测试文章按创建时间排序的功能"
"passed","Sun Mar 02 15:24:52 UTC 2025","Sun Mar 02 15:24:52 UTC 2025","3","tests.apps.core","test_storage","","","","test_file_list_filter_by_type","测试按文件类型筛选"
"passed","Sun Mar 02 15:24:56 UTC 2025","Sun Mar 02 15:24:56 UTC 2025","4","tests.apps.post.views.post","test_post_trash","TestPostTrash","","","test_list_trash_posts_empty","测试获取空的回收站列表"
"passed","Sun Mar 02 15:24:57 UTC 2025","Sun Mar 02 15:24:57 UTC 2025","1","tests.apps.user.serializers","test_auth","TestAuthSerializer","","","测试登录响应序列化器 - 有效数据","测试登录响应序列化器 - 有效数据"
"passed","Sun Mar 02 15:24:57 UTC 2025","Sun Mar 02 15:24:57 UTC 2025","3","tests.apps.user.views","test_user","TestUserViews","","","test_change_password_wrong_old_password","测试使用错误的旧密码修改密码"
"passed","Sun Mar 02 15:24:57 UTC 2025","Sun Mar 02 15:24:57 UTC 2025","1","tests.apps.core","test_serializers","TestTimezoneAwareJSONSerializer","","","test_custom_timezone","测试使用自定义时区进行序列化"
"passed","Sun Mar 02 15:24:57 UTC 2025","Sun Mar 02 15:24:57 UTC 2025","2","tests.apps.user.views","test_auth","TestAuthViews","","","test_login_rate_limit_exceeded","测试登录频率限制"
"passed","Sun Mar 02 15:24:53 UTC 2025","Sun Mar 02 15:24:53 UTC 2025","2","tests.apps.post.models","test_category","CategoryModelTest","","","test_category_unique_name","测试分类名称的唯一性约束"
"passed","Sun Mar 02 15:24:52 UTC 2025","Sun Mar 02 15:24:52 UTC 2025","5","tests.apps.core","test_storage","","","","test_file_content","测试获取文件内容"
"passed","Sun Mar 02 15:24:56 UTC 2025","Sun Mar 02 15:24:56 UTC 2025","2","tests.apps.user.serializers","test_user","TestUserSerializer","","","test_user_profile_update_serializer_valid","测试用户资料更新序列化器-有效数据"
"passed","Sun Mar 02 15:24:53 UTC 2025","Sun Mar 02 15:24:53 UTC 2025","5","tests.apps.post.models","test_comment","CommentModelTest","","","test_comment_str_representation","测试评论的字符串表示方法"
"passed","Sun Mar 02 15:24:57 UTC 2025","Sun Mar 02 15:24:57 UTC 2025","2","tests.apps.user.views","test_user","TestUserViews","","","test_get_profile_unauthorized","测试未登录获取个人信息"
"passed","Sun Mar 02 15:24:54 UTC 2025","Sun Mar 02 15:24:54 UTC 2025","6","tests.apps.post.views","test_category","TestCategoryViews","","","test_filter_categories_by_parent","测试按父分类筛选"
"passed","Sun Mar 02 15:24:56 UTC 2025","Sun Mar 02 15:24:56 UTC 2025","18","tests.apps.post.views.post","test_post_trash","TestPostTrash","","","test_list_trash_posts_admin","测试管理员查看所有用户的回收站文章"
"passed","Sun Mar 02 15:24:55 UTC 2025","Sun Mar 02 15:24:55 UTC 2025","27","tests.apps.post.views.comment","test_global_comment_api","TestGlobalCommentAPI","","","test_list_comments_ordering","测试评论列表排序功能"
"passed","Sun Mar 02 15:24:57 UTC 2025","Sun Mar 02 15:24:57 UTC 2025","1","tests.apps.core","test_serializers","TestTimezoneSerializerMixin","","","test_invalid_timezone","测试处理无效时区的情况"
"passed","Sun Mar 02 15:24:52 UTC 2025","Sun Mar 02 15:24:52 UTC 2025","1","tests.apps.core","test_response","TestAPIResponse","","","test_error_response","测试错误响应的格式和内容，包括自定义错误代码和消息"
"passed","Sun Mar 02 15:24:57 UTC 2025","Sun Mar 02 15:24:57 UTC 2025","3","tests.apps.user.views","test_user","TestUserViews","","","test_get_profile_success","测试获取个人信息成功"
"passed","Sun Mar 02 15:24:52 UTC 2025","Sun Mar 02 15:24:52 UTC 2025","12","tests.apps.backup","test_backup_services","TestBackupService","","","test_create_backup_with_error","测试创建备份时发生错误"
"passed","Sun Mar 02 15:24:57 UTC 2025","Sun Mar 02 15:24:57 UTC 2025","2","tests.apps.user.serializers","test_auth","TestAuthSerializer","","","测试登录响应序列化器 - 无效的数据类型","测试登录响应序列化器 - 无效的数据类型"
"passed","Sun Mar 02 15:24:57 UTC 2025","Sun Mar 02 15:24:57 UTC 2025","6","tests.apps.user.views","test_auth","TestAuthViews","","","test_login_with_remember_me","测试记住我功能"
"passed","Sun Mar 02 15:24:57 UTC 2025","Sun Mar 02 15:24:57 UTC 2025","1","tests.apps.core","test_serializers","TestTimezoneSerializerMixin","","","test_with_timezone_header","测试带有时区请求头的序列化处理"
"passed","Sun Mar 02 15:24:52 UTC 2025","Sun Mar 02 15:24:52 UTC 2025","4","tests.apps.overview","test_overview_services","TestSystemService","","","test_get_recent_activities","测试获取最近活动"
"passed","Sun Mar 02 15:24:56 UTC 2025","Sun Mar 02 15:24:56 UTC 2025","4","tests.apps.post.views.post","test_post_crud","TestPostCRUD","","","test_update_other_user_post","测试用户无法更新其他用户的文章"
"passed","Sun Mar 02 15:24:52 UTC 2025","Sun Mar 02 15:24:52 UTC 2025","4","tests.apps.core","test_storage","","","","test_upload_media_files","测试上传媒体文件（音频和视频）"
"passed","Sun Mar 02 15:24:55 UTC 2025","Sun Mar 02 15:24:55 UTC 2025","24","tests.apps.post.views.post","test_post_api","PostAPITests","","","test_retrieve_post","测试获取单个文章详情的功能"
"passed","Sun Mar 02 15:24:53 UTC 2025","Sun Mar 02 15:24:53 UTC 2025","4","tests.apps.plugin","test_views","TestPluginViews","","","test_uninstall_plugin","测试管理员卸载插件的功能"
"passed","Sun Mar 02 15:24:55 UTC 2025","Sun Mar 02 15:24:55 UTC 2025","22","tests.apps.post.views.comment","test_global_comment_api","TestGlobalCommentAPI","","","test_direct_url_access","测试直接访问评论API的URL"
"passed","Sun Mar 02 15:24:53 UTC 2025","Sun Mar 02 15:24:53 UTC 2025","10","tests.apps.post.models","test_comment_ordering","CommentOrderingTest","","","test_comment_ordering","测试评论按创建时间排序的基本功能"
"passed","Sun Mar 02 15:24:52 UTC 2025","Sun Mar 02 15:24:52 UTC 2025","1","tests.apps.core","test_permissions","TestIsAdminUserOrReadOnly","","","test_unsafe_methods_denied_for_normal_user","测试普通用户不能访问不安全方法(POST、PUT、PATCH、DELETE)"
"passed","Sun Mar 02 15:24:52 UTC 2025","Sun Mar 02 15:24:52 UTC 2025","2","tests.apps.core","test_response","TestAPIResponse","","","test_timestamp_format","测试响应中时间戳的格式是否符合ISO标准"
"passed","Sun Mar 02 15:24:56 UTC 2025","Sun Mar 02 15:24:56 UTC 2025","16","tests.apps.post.views.post","test_post_list","TestPostListView","","","test_get_post_list_as_admin","测试管理员可以看到所有文章"
"passed","Sun Mar 02 15:24:57 UTC 2025","Sun Mar 02 15:24:57 UTC 2025","14","tests.apps.user.views","test_auth","TestAuthViews","","","test_logout_success","测试登出成功"
"passed","Sun Mar 02 15:24:53 UTC 2025","Sun Mar 02 15:24:53 UTC 2025","8","tests.apps.post.models","test_comment_ordering","CommentOrderingTest","","","test_comment_reply_ordering","测试评论回复的时间排序功能"
"passed","Sun Mar 02 15:24:56 UTC 2025","Sun Mar 02 15:24:56 UTC 2025","2","tests.apps.user.models","test_user","TestUserModel","","","test_user_username_unique","测试用户名唯一性"
"passed","Sun Mar 02 15:24:56 UTC 2025","Sun Mar 02 15:24:56 UTC 2025","2","tests.apps.user.serializers","test_user","TestUserSerializer","","","test_user_register_serializer_password_mismatch","测试用户注册序列化器-密码不匹配"
"passed","Sun Mar 02 15:24:57 UTC 2025","Sun Mar 02 15:24:57 UTC 2025","1","tests.apps.core","test_serializers","TestTimezoneAwareJSONSerializer","","","test_aware_datetime","测试序列化带时区信息的日期时间"
"passed","Sun Mar 02 15:24:53 UTC 2025","Sun Mar 02 15:24:54 UTC 2025","141","tests.apps.post.search","test_search","TestSearchSuggestView","","","test_suggest_limit","测试搜索建议的数量限制功能"
"passed","Sun Mar 02 15:24:55 UTC 2025","Sun Mar 02 15:24:55 UTC 2025","8","tests.apps.post.views.post","test_post_crud","TestPostCRUD","","","test_update_post","测试更新文章的功能"
"passed","Sun Mar 02 15:24:52 UTC 2025","Sun Mar 02 15:24:52 UTC 2025","2","tests.apps.core","test_response","TestAPIResponse","","","test_request_id_format","测试响应中请求ID的格式是否符合UUID标准"
"passed","Sun Mar 02 15:24:57 UTC 2025","Sun Mar 02 15:24:57 UTC 2025","4","tests.apps.user.views","test_user","TestUserViews","","","test_user_register_duplicate_email","测试用户注册-邮箱重复"
"passed","Sun Mar 02 15:24:56 UTC 2025","Sun Mar 02 15:24:56 UTC 2025","2","tests.apps.post.views.post","test_post_trash","TestPostTrash","","","test_empty_trash_unauthenticated","测试未认证用户清空回收站"
"passed","Sun Mar 02 15:24:52 UTC 2025","Sun Mar 02 15:24:52 UTC 2025","1","tests.apps.overview","test_overview_services","TestSystemService","","","test_get_system_info","测试获取系统信息"
"passed","Sun Mar 02 15:24:55 UTC 2025","Sun Mar 02 15:24:55 UTC 2025","3","tests.apps.post.views.post","test_post_actions","TestPostActions","","","test_archive_nonexistent_post","测试归档不存在的文章时的错误处理"
"passed","Sun Mar 02 15:24:54 UTC 2025","Sun Mar 02 15:24:54 UTC 2025","12","tests.apps.post.views","test_auto_save","PostAutoSaveTests","","","test_auto_save_post","测试文章自动保存功能的基本操作，包括保存标题、内容和摘要"
"passed","Sun Mar 02 15:24:56 UTC 2025","Sun Mar 02 15:24:56 UTC 2025","8","tests.apps.user.serializers","test_user_serializers","TestUserRegisterSerializer","","","test_password_validation","测试密码验证"
"passed","Sun Mar 02 15:24:57 UTC 2025","Sun Mar 02 15:24:57 UTC 2025","3","tests.apps.user.views","test_auth","TestAuthViews","","","test_change_password_invalid_format","测试新密码格式无效"
"passed","Sun Mar 02 15:24:54 UTC 2025","Sun Mar 02 15:24:54 UTC 2025","21","tests.apps.post.views","test_auto_save","PostAutoSaveTests","","","test_auto_save_rate_limit","测试自动保存的频率限制功能"
"passed","Sun Mar 02 15:24:55 UTC 2025","Sun Mar 02 15:24:55 UTC 2025","13","tests.apps.post.views.comment","test_global_comment_api","TestGlobalCommentAPI","","","test_search_by_keyword","测试按关键词搜索评论"
"passed","Sun Mar 02 15:24:53 UTC 2025","Sun Mar 02 15:24:53 UTC 2025","6","tests.apps.post.models","test_comment","CommentModelTest","","","test_comment_reply","测试评论的回复功能"
"passed","Sun Mar 02 15:24:54 UTC 2025","Sun Mar 02 15:24:54 UTC 2025","18","tests.apps.post.views","test_category","TestCategoryViews","","","test_delete_category_with_children_and_posts","测试删除有子分类且子分类有关联文章的分类"
"passed","Sun Mar 02 15:24:53 UTC 2025","Sun Mar 02 15:24:53 UTC 2025","1","tests.apps.post.models","test_post_model","TestPostModel","","","test_post_str_representation","测试文章的字符串表示方法"
"passed","Sun Mar 02 15:24:52 UTC 2025","Sun Mar 02 15:24:52 UTC 2025","48","tests.apps.core.models","test_statistics","TestUserStatistics","","","test_user_statistics_defaults","测试用户统计默认值"
"passed","Sun Mar 02 15:24:57 UTC 2025","Sun Mar 02 15:24:57 UTC 2025","2","tests.apps.user.views","test_auth","TestAuthViews","","","test_change_password_mismatch","测试新密码与确认密码不匹配"
"passed","Sun Mar 02 15:24:57 UTC 2025","Sun Mar 02 15:24:57 UTC 2025","4","tests.apps.user.views","test_user","TestUserViews","","","test_update_user_profile","测试更新用户资料"
"passed","Sun Mar 02 15:24:54 UTC 2025","Sun Mar 02 15:24:54 UTC 2025","5","tests.apps.post.views","test_category","TestCategoryViews","","","test_quick_create_category_invalid_length","测试快速创建分类时名称长度无效"
"passed","Sun Mar 02 15:24:56 UTC 2025","Sun Mar 02 15:24:57 UTC 2025","7","tests.apps.user.views","test_auth","TestAuthViews","","","test_login_with_timezone","测试带时区的登录"
"passed","Sun Mar 02 15:24:57 UTC 2025","Sun Mar 02 15:24:57 UTC 2025","4","tests.apps.user.views","test_auth","TestAuthViews","","","test_login_invalid_credentials","测试登录失败 - 无效的凭证"
"passed","Sun Mar 02 15:24:54 UTC 2025","Sun Mar 02 15:24:54 UTC 2025","9","tests.apps.post.views","test_tag","TestTagViews","","","test_update_tag","测试更新标签信息"
"passed","Sun Mar 02 15:24:56 UTC 2025","Sun Mar 02 15:24:56 UTC 2025","51","tests.apps.post.views.post","test_post_trash","TestPostTrash","","","test_list_trash_posts_pagination","测试回收站文章列表分页功能"
"passed","Sun Mar 02 15:24:52 UTC 2025","Sun Mar 02 15:24:52 UTC 2025","22","tests.apps.backup","test_backup_services","TestBackupService","","","test_restore_from_backup","测试从备份恢复"
"passed","Sun Mar 02 15:24:52 UTC 2025","Sun Mar 02 15:24:52 UTC 2025","2","tests.apps.core","test_response","TestAPIResponse","","","test_created_response","测试资源创建成功响应的格式和内容"
"passed","Sun Mar 02 15:24:57 UTC 2025","Sun Mar 02 15:24:57 UTC 2025","3","tests.apps.user.views","test_auth","TestAuthViews","","","test_token_refresh_expired_token","测试刷新令牌失败 - 过期的令牌"
